source,target,status,note
/,/,200,keep root
/o-servise,/#about,301,launch candidate
/uslugi,/#services,301,launch candidate
/obsluzhivanie-avtomobiley,/#service-maintenance,301,launch candidate
/remont-avtomobiley,/#service-repair,301,launch candidate
/diagnostika-avtomobiley,/#service-diagnostics,301,launch candidate
/podbor-zapchastey,/#service-parts,301,launch candidate
/shinomontazh,/#service-tires,301,launch candidate
/moyka,/#service-wash,301,launch candidate
/korporativnym-klientam,/#business,301,launch candidate
/vakansii,/#careers,301,launch candidate
/kontaktyi,/#contacts,301,launch candidate
/soglasiem-na-obrabotku-personalnyh-dannyh,/legal.html,301,legal document approval required
/privacypolicy,/legal.html,301,legal document approval required
/site-map,/#sitemap,301,launch candidate
/tehnicheskoe-obsluzhivanie,/#detail-tehnicheskoe-obsluzhivanie,301,launch candidate
/zamena-masla-v-dvigatele,/#detail-zamena-masla-v-dvigatele,301,launch candidate
/zamena-masla-kpp,/#detail-zamena-masla-kpp,301,launch candidate
/zamena-remnya-grm-dvigatelya,/#detail-zamena-remnya-grm-dvigatelya,301,launch candidate
/zamena-tsepi-grm,/#detail-zamena-tsepi-grm,301,launch candidate
/zamena-svecheykatushki-zazhiganiya,/#detail-zamena-svecheykatushki-zazhiganiya,301,launch candidate
/promyvka-dvigatelya-avtomobilya,/#detail-promyvka-dvigatelya-avtomobilya,301,launch candidate
/razval-shozhdenie-avtomobilya,/#detail-razval-shozhdenie-avtomobilya,301,launch candidate
/zamena-filtrov-avtomobilya,/#detail-zamena-filtrov-avtomobilya,301,launch candidate
/zamena-amortizatorov-perednih-zadnih,/#detail-zamena-amortizatorov-perednih-zadnih,301,launch candidate
/zamena-podshipnikov-avtomobilya,/#detail-zamena-podshipnikov-avtomobilya,301,launch candidate
/zamena-stoek-stabilizatora,/#detail-zamena-stoek-stabilizatora,301,launch candidate
/zamena-vtulok-stabilizatora,/#detail-zamena-vtulok-stabilizatora,301,launch candidate
/zamena-pylnik-shrusa-avto,/#detail-zamena-pylnik-shrusa-avto,301,launch candidate
/zamena-sharovyh-opor-avtomobilya,/#detail-zamena-sharovyh-opor-avtomobilya,301,launch candidate
/zamena-rulevoy-reyki-avtomobilya,/#detail-zamena-rulevoy-reyki-avtomobilya,301,launch candidate
/remont-tormoznoy-sistemy,/#detail-remont-tormoznoy-sistemy,301,launch candidate
/remont-generatora-benzo-dizelnyh,/#detail-remont-generatora-benzo-dizelnyh,301,launch candidate
/remont-kpp-mkpp-akpp,/#detail-remont-kpp-mkpp-akpp,301,launch candidate
/remont-stsepleniya,/#detail-remont-stsepleniya,301,launch candidate
/remont-dvigatelya,/#detail-remont-dvigatelya,301,launch candidate
/remont-korobki-dsg,/#detail-remont-korobki-dsg,301,launch candidate
/diagnostika-remont-abs,/#detail-diagnostika-remont-abs,301,launch candidate
/diagnostika-remont-pechki-v-avto,/#detail-diagnostika-remont-pechki-v-avto,301,launch candidate
/diagnostika-remont-avto-konditsionerov,/#detail-diagnostika-remont-avto-konditsionerov,301,launch candidate
/diagnostika-remont-elektrooborudovaniya-avto,/#detail-diagnostika-remont-elektrooborudovaniya-avto,301,launch candidate
/diagnostika-remont-tormozov,/#detail-diagnostika-remont-tormozov,301,launch candidate
/diagnostika-remont-dvigatelya,/#detail-diagnostika-remont-dvigatelya,301,launch candidate
/diagnostika-remont-podveski,/#detail-diagnostika-remont-podveski,301,launch candidate
/diagnostika-proverka-avtomobilya-pered-pokupkoy,/#detail-diagnostika-proverka-avtomobilya-pered-pokupkoy,301,launch candidate
/besplatnaya-diagnostika-avtomobilya,/#detail-besplatnaya-diagnostika-avtomobilya,301,launch candidate
/diagnostika-remont-zamena-forsunok,/#detail-diagnostika-remont-zamena-forsunok,301,launch candidate
/diagnostika-remont-zamena-tnvd,/#detail-diagnostika-remont-zamena-tnvd,301,launch candidate
