url,topic,answer_from_html,status,search_impressions,search_clicks
https://kingmotors52.ru/#service-maintenance,Обслуживание,Выберите работу. Состав и стоимость согласуем до начала.,local draft,unavailable,unavailable
https://kingmotors52.ru/#detail-tehnicheskoe-obsluzhivanie,Техническое обслуживание,"Плановое ТО помогает поддерживать автомобиль в рабочем состоянии. Состав работ зависит от модели, пробега и рекомендаций производителя.",local draft,unavailable,unavailable
https://kingmotors52.ru/#detail-zamena-masla-v-dvigatele,Замена масла в двигателе,Обновление моторного масла и фильтра с учётом требований двигателя. Интервал определяют регламент производителя и условия эксплуатации.,local draft,unavailable,unavailable
https://kingmotors52.ru/#detail-zamena-masla-kpp,Замена масла в коробке передач,Обслуживание коробки передач с учётом её типа и требований производителя. Способ замены согласовываем после уточнения автомобиля.,local draft,unavailable,unavailable
https://kingmotors52.ru/#detail-zamena-remnya-grm-dvigatelya,Замена ремня ГРМ,Регламентная замена ремня газораспределительного механизма. Срок зависит от конкретного двигателя и истории обслуживания.,local draft,unavailable,unavailable
https://kingmotors52.ru/#detail-zamena-tsepi-grm,Замена цепи ГРМ,"Проверка и замена цепного привода газораспределительного механизма. Необычный шум требует диагностики, а не замены по предположению.",local draft,unavailable,unavailable
https://kingmotors52.ru/#detail-zamena-svecheykatushki-zazhiganiya,Замена свечей и катушек зажигания,Проверка системы зажигания при нестабильной работе двигателя и регламентная замена свечей.,local draft,unavailable,unavailable
https://kingmotors52.ru/#detail-promyvka-dvigatelya-avtomobilya,Промывка двигателя,Необходимость промывки оценивается по состоянию двигателя и истории обслуживания. Состав работ согласовывается до начала.,local draft,unavailable,unavailable
https://kingmotors52.ru/#detail-razval-shozhdenie-avtomobilya,Развал-схождение,Проверка и регулировка углов установки колёс. Актуально при неравномерном износе шин и после ряда работ с подвеской.,local draft,unavailable,unavailable
https://kingmotors52.ru/#detail-zamena-filtrov-avtomobilya,Замена автомобильных фильтров,"Замена фильтров с учётом комплектации автомобиля, пробега и регламента обслуживания.",local draft,unavailable,unavailable
https://kingmotors52.ru/#detail-zamena-amortizatorov-perednih-zadnih,Замена передних и задних амортизаторов,Проверка амортизаторов и замена изношенных элементов подвески после диагностики.,local draft,unavailable,unavailable
https://kingmotors52.ru/#detail-zamena-podshipnikov-avtomobilya,Замена подшипников,Поиск источника шума и замена неисправного подшипника. Объём работ зависит от узла и конструкции автомобиля.,local draft,unavailable,unavailable
https://kingmotors52.ru/#detail-zamena-stoek-stabilizatora,Замена стоек стабилизатора,Проверка стоек стабилизатора при стуках в подвеске и замена при подтверждённом износе.,local draft,unavailable,unavailable
https://kingmotors52.ru/#detail-zamena-vtulok-stabilizatora,Замена втулок стабилизатора,Осмотр втулок и креплений стабилизатора. Решение о замене принимается по результатам проверки.,local draft,unavailable,unavailable
https://kingmotors52.ru/#detail-zamena-pylnik-shrusa-avto,Замена пыльника ШРУСа,Проверка защитного пыльника и состояния шарнира. Повреждение пыльника требует оценки самого узла.,local draft,unavailable,unavailable
https://kingmotors52.ru/#detail-zamena-sharovyh-opor-avtomobilya,Замена шаровых опор,Диагностика шаровых опор и замена изношенных деталей передней подвески.,local draft,unavailable,unavailable
https://kingmotors52.ru/#detail-zamena-rulevoy-reyki-avtomobilya,Замена рулевой рейки,"Проверка рулевого механизма и замена рейки, если необходимость подтверждена диагностикой.",local draft,unavailable,unavailable
https://kingmotors52.ru/#service-repair,Ремонт,Выберите работу. Состав и стоимость согласуем до начала.,local draft,unavailable,unavailable
https://kingmotors52.ru/#detail-remont-tormoznoy-sistemy,Ремонт тормозной системы,Восстановление тормозной системы после проверки её состояния. Перечень деталей и работ согласовываем по результатам диагностики.,local draft,unavailable,unavailable
https://kingmotors52.ru/#detail-remont-generatora-benzo-dizelnyh,Ремонт генератора,Проверка генератора и восстановление его работы при неисправностях системы зарядки.,local draft,unavailable,unavailable
https://kingmotors52.ru/#detail-remont-kpp-mkpp-akpp,Ремонт МКПП и АКПП,Диагностика и ремонт коробки передач. План работ зависит от типа трансмиссии и результатов проверки.,local draft,unavailable,unavailable
https://kingmotors52.ru/#detail-remont-stsepleniya,Ремонт сцепления,"Проверка сцепления при пробуксовке, рывках и затруднённом переключении передач.",local draft,unavailable,unavailable
https://kingmotors52.ru/#detail-remont-dvigatelya,Ремонт двигателя,Ремонт двигателя начинается с определения причины неисправности. После проверки обсуждаем объём работ и необходимые детали.,local draft,unavailable,unavailable
https://kingmotors52.ru/#detail-remont-korobki-dsg,Ремонт коробки DSG,"Проверка и ремонт DSG при рывках, ошибках и нарушениях переключения.",local draft,unavailable,unavailable
https://kingmotors52.ru/#service-diagnostics,Диагностика,Выберите работу. Состав и стоимость согласуем до начала.,local draft,unavailable,unavailable
https://kingmotors52.ru/#detail-diagnostika-remont-abs,Диагностика и ремонт ABS,Поиск причины ошибок антиблокировочной системы и согласование необходимых работ.,local draft,unavailable,unavailable
https://kingmotors52.ru/#detail-diagnostika-remont-pechki-v-avto,Диагностика и ремонт отопителя,"Проверка отопителя при слабом обогреве, постороннем шуме или отсутствии потока воздуха.",local draft,unavailable,unavailable
https://kingmotors52.ru/#detail-diagnostika-remont-avto-konditsionerov,Диагностика и ремонт кондиционера,"Проверка системы кондиционирования, если воздух недостаточно охлаждается или появился необычный шум.",local draft,unavailable,unavailable
https://kingmotors52.ru/#detail-diagnostika-remont-elektrooborudovaniya-avto,Диагностика и ремонт электрооборудования,Поиск неисправностей электрических систем автомобиля и согласование ремонта.,local draft,unavailable,unavailable
https://kingmotors52.ru/#detail-diagnostika-remont-tormozov,Диагностика тормозов,"Проверка тормозной системы при скрипе, вибрациях и изменении эффективности торможения.",local draft,unavailable,unavailable
https://kingmotors52.ru/#detail-diagnostika-remont-dvigatelya,Диагностика двигателя,"Поиск причины нестабильной работы, ошибок и потери мощности двигателя.",local draft,unavailable,unavailable
https://kingmotors52.ru/#detail-diagnostika-remont-podveski,Диагностика подвески,"Проверка ходовой части при стуках, вибрациях и изменениях управляемости.",local draft,unavailable,unavailable
https://kingmotors52.ru/#detail-diagnostika-proverka-avtomobilya-pered-pokupkoy,Проверка автомобиля перед покупкой,"Осмотр технического состояния автомобиля перед решением о покупке. Проверка помогает увидеть замечания, но не гарантирует выявление всех скрытых дефектов.",local draft,unavailable,unavailable
https://kingmotors52.ru/#detail-besplatnaya-diagnostika-avtomobilya,Бесплатная диагностика: уточните условия,"На действующем сайте указана бесплатная диагностика. Перед записью уточните у сотрудника, какие проверки входят в предложение и при каких условиях оно действует.",local draft,unavailable,unavailable
https://kingmotors52.ru/#detail-diagnostika-remont-zamena-forsunok,"Диагностика, ремонт и замена форсунок",Проверка форсунок при нестабильной работе двигателя и нарушениях подачи топлива.,local draft,unavailable,unavailable
https://kingmotors52.ru/#detail-diagnostika-remont-zamena-tnvd,"Диагностика, ремонт и замена ТНВД",Проверка топливного насоса высокого давления и согласование способа устранения неисправности.,local draft,unavailable,unavailable
https://kingmotors52.ru/#service-parts,Подбор запчастей,"Подбираем оригинальные комплектующие и подходящие аналоги. Для подбора подготовьте VIN, марку и модель автомобиля.",local draft,unavailable,unavailable
https://kingmotors52.ru/#service-tires,Шиномонтаж,"Снятие и установка колёс, балансировка и ремонт проколов. Состав работ уточним при записи.",local draft,unavailable,unavailable
https://kingmotors52.ru/#service-wash,Мойка,Мойка кузова и уход за салоном. Уточните нужные работы при записи.,local draft,unavailable,unavailable
